,index,facility_id,Longitude,Latitude
0,0,8433511,-78.454,42.086
1,62,7417811,-78.606,43.357
2,82,7417211,-78.854,43.048
3,148,7762611,-79.003,43.083
4,292,7222811,-73.648,40.826
5,318,7222111,-73.589,40.727
6,366,7221611,-73.648,40.618
7,756,10680411,-73.568,40.65
8,799,7221311,-73.568,40.645
9,836,7223311,-73.499,40.746
10,887,8469511,-75.434,43.886
11,925,7801111,-73.85,42.57
12,975,7819511,-73.81,43.249
13,1025,7952711,-74.16,41.12
14,1041,8175411,-73.966,41.206
15,1148,9330411,-74.068,40.619
16,1198,8310711,-73.785,40.647
17,1294,8309011,-73.946,40.76
18,1314,9333411,-73.761,40.611
19,1662,7982311,-73.9,40.78
20,1734,15488311,-72.94,40.814
21,1772,9318211,-73.389,40.734
22,1882,9316311,-73.293,40.787
23,1907,10749711,-72.376,41.106
24,1932,8121711,-73.34,40.92
25,2137,8452911,-73.129,40.917
26,2167,8452511,-72.877,40.957
27,2263,8452411,-73.066,40.817
28,2525,8452011,-73.34,40.69
29,2539,7981711,-73.064,40.816
30,2567,7981511,-73.079,40.95
31,2679,8504111,-78.91,42.96
32,2713,8538911,-76.493,43.472
33,2761,7980511,-76.532,43.459
34,2904,7814811,-78.078,42.654
35,2975,9333711,-73.85,42.272
36,3124,8462711,-78.159,42.983
37,3150,8375111,-73.456,44.713
38,3167,7806011,-79.248,42.094
39,3231,7805611,-79.348,42.492
40,3314,7968411,-74.893,44.95
41,3320,7864311,-73.745,42.54
42,3337,7863911,-73.748,42.626
43,3442,8427211,-74.418,41.428
44,3458,8427811,-73.98,41.57
45,3598,7435911,-76.225,43.067
46,3677,7243711,-75.601,43.08
47,3718,7994011,-73.973,40.728
48,3842,9326111,-73.966,40.715
49,3893,8105011,-73.977,40.699
50,4002,8036811,-75.62,43.98
51,4020,1140311,-97.086,36.721
52,4052,8350611,-95.277,36.222
53,4096,882511,-97.589,35.296
54,4124,8350311,-97.655,35.74
55,4144,8350011,-95.695,36.012
56,4186,8421611,-81.431,35.16
57,4403,3763611,-81.614,35.072
58,4445,15649011,-103.261,44.121
59,4451,17418211,-96.533,44.396
60,4463,15649111,-98.099,45.373
61,4475,7773211,-73.209,44.493
62,4487,4184611,-80.863,37.37
63,4520,547311,-111.912,33.425
64,4524,546011,-112.889,33.341
65,4525,1139111,-112.159,33.443
66,4528,1139411,-111.936,33.356
67,4536,4664211,-85.504,39.953
68,4596,5544111,-86.244,39.902
69,4632,4561111,-85.971,40.096
70,4662,12818011,-104.68,39.744
71,4671,1621811,-104.682,39.942
72,4695,16243211,-104.53,38.321
73,4731,1699811,-105.003,39.67
74,4737,13331311,-104.888,40.092
75,4751,4385111,-104.688,38.557
76,4759,4391711,-104.833,38.825
77,4794,17644211,-78.178,38.97
78,4832,6634511,-76.997,36.651
79,4870,7520511,-77.281,38.538
80,4936,6148811,-77.315,38.264
81,4960,6960711,-75.703,37.705
82,4966,6631811,-77.446,37.82
83,5080,6160611,-78.705,36.869
84,5132,5083411,-77.433,37.496
85,5164,4938911,-76.352,36.87
86,5230,4565211,-76.461,37.215
87,5289,16530111,-82.338,36.916
88,5331,5763511,-82.198,36.933
89,5394,6866611,-77.513,38.072
90,5469,4565711,-79.274,37.119
91,5505,15432111,-78.285,37.696
92,5531,5748311,-78.532,36.601
93,5563,9063611,-78.214,38.117
94,5623,5040011,-78.204,38.124
95,5654,4181011,-77.382,37.376
96,5733,6311211,-77.368,37.499
97,5737,5883511,-77.282,37.291
98,5823,10633611,-77.283,37.297
99,5848,6682611,-76.312,36.774
100,5890,6631311,-78.288,37.709
101,5898,9078811,-78.38,37.867
102,5941,6744911,-77.771,38.546
103,6001,9081211,-77.769,38.529
104,6043,9242811,-83.176,39.714
105,6187,15483511,-82.027,40.093
106,6237,7328911,-80.747,41.166
107,6259,15483111,-83.166,41.378
108,6309,7983011,-82.128,38.916
109,6544,8148511,-82.116,38.934
110,6678,8101311,-83.694,38.636
111,7046,8101411,-83.48,38.69
112,7092,8302011,-83.439,41.692
113,7100,8130811,-82.054,41.505
114,7222,6371011,-82.266,41.429
115,7371,9279711,-82.785,38.573
116,7471,8115711,-80.647,40.253
117,7516,8190811,-80.633,40.529
118,7734,9253811,-83.461,41.477
119,7916,8130311,-81.679,39.591
120,7963,9212911,-81.717,39.532
121,8061,9213011,-81.657,39.58
122,8136,9216611,-82.333,39.086
123,8235,9216911,-84.74,40.93
124,8378,8294311,-84.228,38.869
125,8436,8010811,-81.88,40.185
126,8564,13572311,-84.21,39.728
127,8701,13572411,-84.21,39.728
128,8797,8257511,-84.339,41.304
129,8872,8257111,-84.615,40.074
130,9064,9303411,-84.463,39.452
131,9136,9303211,-84.378,39.465
132,9257,8455211,-84.461,39.449
133,9401,9300011,-84.519,39.355
134,9449,8149511,-81.443,41.671
135,9522,7738711,-84.803,39.113
136,9597,5119811,-75.118,39.918
137,9638,6719711,-74.345,40.439
138,9649,7621211,-74.355,40.478
139,9705,7620811,-74.281,40.489
140,9733,6719611,-74.248,40.559
141,9776,8094711,-75.058,39.451
142,9814,7201811,-75.035,39.489
143,9830,7461611,-75.049,39.491
144,9846,7201911,-74.965,39.375
145,9922,7474911,-74.734,40.18
146,9954,7312511,-75.162,40.567
147,9996,7202611,-74.131,40.905
148,10010,7478411,-74.119,40.738
149,10026,7464111,-74.13,40.72
150,10044,7991211,-75.536,39.463
151,10060,7989011,-75.486,39.694
152,10092,7988911,-75.421,39.764
153,10152,5111011,-74.21,39.815
154,10382,7903511,-74.262,39.689
155,10400,5133111,-74.876,39.027
156,10436,5133011,-74.634,39.29
157,10488,7990011,-74.215,40.632
158,10828,7591211,-74.112,40.655
159,10842,7591411,-74.073,40.744
160,10886,8093811,-75.408,39.792
161,10902,7700911,-75.249,39.813
162,10922,5192511,-90.722,29.581
163,10934,9587011,-92.044,30.257
164,10946,13611411,-91.992,30.17
165,10958,5521211,-90.148,29.949
166,10970,8467311,-91.234,30.321
167,10991,5519911,-91.065,30.231
168,10997,5504511,-91.116,30.275
169,11016,7204011,-91.543,29.823
170,11027,5060411,-91.189,29.692
171,11029,5931611,-91.355,30.673
172,11053,8020711,-91.37,30.728
173,11093,6116111,-93.761,32.517
174,11097,7928011,-93.961,32.704
175,11121,7368411,-92.6,30.282
176,11133,6082711,-92.412,30.429
177,11173,5609111,-90.461,30.005
178,11179,5609311,-90.477,30.0
179,11185,5609011,-90.459,29.989
180,11206,5740811,-92.462,31.321
181,11223,7446811,-92.719,31.396
182,11253,5160611,-91.187,30.49
183,11283,7354411,-93.569,32.031
184,11291,7355011,-92.263,30.844
185,11312,8361211,-93.29,30.285
186,11318,7354911,-93.283,30.22
187,11325,6397411,-93.346,30.161
188,11350,7205111,-92.069,32.706
189,11357,7205211,-92.02,32.691
190,11372,7432611,-92.08,32.702
191,11401,7448111,-89.937,30.009
192,11407,6019011,-82.618,38.171
193,11424,6019911,-82.605,38.192
194,11476,5353311,-85.413,38.39
195,11497,5561611,-87.08,37.45
196,11506,5891711,-87.061,37.795
197,11564,7335511,-83.818,38.7
198,11601,5213311,-88.396,37.029
199,11809,5523111,-84.262,37.881
200,11826,5163011,-84.102,37.882
201,12057,6098611,-87.501,37.647
202,12075,6067211,-87.503,37.646
203,12161,5742811,-85.412,38.585
204,12279,5933111,-84.714,37.789
205,12414,6037011,-88.777,37.152
206,12522,5198511,-85.035,38.75
207,12578,6040811,-84.851,38.905
208,12594,5787711,-84.591,36.999
209,12642,5196711,-86.978,37.259
210,12697,5196411,-87.121,37.364
211,12809,3773211,-98.87,38.41
212,12829,9639411,-94.903,38.532
213,12836,5367811,-94.647,38.347
214,12951,4476411,-96.962,37.237
215,12959,3823011,-95.569,39.054
216,13015,3822711,-99.95,37.733
217,13025,3167811,-100.895,37.97
218,13050,3167611,-100.972,37.931
219,13079,5500911,-97.873,38.091
220,13201,5406811,-96.117,39.286
221,13282,3878111,-94.699,37.072
222,13316,9637911,-94.986,38.788
223,13344,3772011,-100.762,37.159
224,13354,5603311,-97.413,37.596
225,13395,5603211,-97.522,37.79
226,13557,5380511,-97.61,38.39
227,13572,5380211,-97.684,38.363
228,13612,12635811,-96.066,38.447
229,13696,5414711,-95.459,37.696
230,13703,2964211,-95.612,37.037
231,13712,4827111,-95.27,39.008
232,13820,4627911,-94.64,39.15
233,13884,4633811,-94.697,39.169
234,13978,4126711,-97.275,39.612
235,13985,6281811,-109.286,40.086
236,14049,7197711,-108.478,36.687
237,14169,13606211,-111.389,36.905
238,14343,8141311,-80.356,40.654
239,14465,8406511,-76.173,40.822
240,14505,4105211,-75.993,40.874
241,14550,8331411,-76.178,40.782
242,14590,4105111,-76.199,40.79
243,14708,4735811,-76.45,40.619
244,14742,1139311,-112.216,33.556
245,14829,3897711,-76.366,40.351
246,14837,5003711,-117.334,33.141
247,15014,8518911,-119.37,45.804
248,15047,6970611,-88.493,30.34
249,15054,9736911,-81.282,32.275
250,15074,5684111,-121.781,36.806
251,15132,6902411,-80.819,39.846
252,15210,1117411,-93.804,35.464
253,15220,3762011,-76.455,40.809
254,15283,6594511,-78.702,40.479
255,15339,6594311,-78.747,40.455
256,15445,6558911,-75.478,40.692
257,15497,12796911,-75.107,40.802
258,15501,2532311,-83.3,33.194
259,15686,12766611,-87.425,39.531
260,15692,13645711,-85.038,33.407
261,15731,7889011,-75.877,40.856
262,15815,6515911,-115.538,32.804
263,15831,8250811,-81.638,41.533
264,15945,7036511,-89.676,33.015
265,15947,4760211,-79.811,41.268
266,16040,7304911,-89.413,31.982
267,16313,977911,-110.905,32.16
268,16495,7410911,-74.749,40.143
269,16527,9202811,-74.742,40.147
270,16588,7154411,-89.394,31.218
271,16777,7785211,-91.902,34.218
272,16788,7139511,-89.3,31.528
273,16815,4919511,-121.464,38.448
274,16820,6966711,-90.22,32.379
275,16822,6802311,-90.213,32.356
276,16840,10723711,-75.422,39.807
277,16847,4724611,-75.336,39.862
278,16877,14803411,-85.902,32.999
279,16911,1021011,-85.97,34.013
280,16935,10552611,-87.063,34.64
281,16991,7916011,-87.021,34.627
282,17037,10560211,-88.057,30.748
283,17055,1056111,-88.013,31.006
284,17067,1062911,-88.129,30.525
285,17147,953511,-85.096,32.607
286,17156,953311,-85.039,32.541
287,17271,560011,-86.739,32.653
288,17305,10583111,-86.574,32.382
289,17358,10708711,-86.739,32.649
290,17409,7212811,-87.849,34.744
291,17497,10535111,-86.282,33.167
292,17529,949211,-86.457,33.245
293,17595,1018911,-85.753,34.887
294,17607,1028911,-88.029,31.256
295,17613,1028611,-87.91,31.488
296,17767,949511,-87.998,31.263
297,17798,7917311,-87.2,33.645
298,17850,967611,-86.474,31.4
299,17904,10569911,-85.972,33.588
300,17934,1020111,-86.521,32.309
301,17958,1036811,-87.782,32.601
302,18018,5720111,-90.144,35.072
303,19077,8392811,-82.543,35.471
304,19289,10704311,-112.865,33.348
305,19301,1139211,-111.751,33.334
306,19319,545911,-112.841,33.335
307,19331,10704411,-112.694,32.976
308,19367,10704011,-113.113,33.476
309,19421,7037011,-89.202,34.836
310,19427,15613711,-79.877,34.982
311,19437,7083911,-91.115,33.351
312,19465,3866811,-79.35,40.638
313,19475,15662811,-89.392,35.65
314,19483,3982711,-89.396,35.658
315,19531,3883511,-75.313,40.619
316,19579,8215911,-88.275,33.648
317,19585,9253711,-83.64,41.388
318,19587,8233711,-90.93,32.284
319,19593,12589611,-89.209,33.379
320,19597,3428511,-88.611,36.247
321,19603,6776411,-81.364,39.333
322,19609,7356611,-88.606,32.797
323,19617,16908111,-88.757,32.654
324,19625,6662011,-75.324,39.859
325,19657,17414311,-122.134,37.634
326,19674,3893511,-79.189,41.836
327,19682,210811,-92.216,34.593
328,19703,3872411,-75.938,40.421
329,19713,15322111,-122.27,39.366
330,19746,7799911,-106.731,34.611
331,19753,15695911,-121.379,38.792
332,19761,13483211,-117.452,33.961
333,19771,7877111,-121.128,36.226
334,19775,3767811,-79.839,39.748
335,19791,9207411,-79.918,39.859
336,19806,3915211,-75.073,39.985
337,19808,6531511,-75.189,39.942
338,19854,1371811,-121.694,39.053
339,19862,1371611,-121.696,39.053
340,19870,14137911,-121.611,39.108
341,19878,1218311,-120.994,37.572
342,19894,998011,-111.299,32.552
343,19902,4713111,-77.167,39.873
344,19964,1391311,-121.924,38.399
345,19972,1562111,-121.859,38.22
346,19980,9872511,-121.857,38.242
347,19988,9850311,-121.843,38.227
348,19996,9850211,-122.074,38.229
349,20004,9991311,-121.931,37.423
350,20028,743011,-121.536,37.001
351,20044,16024011,-121.951,37.378
352,20084,13834111,-121.744,37.217
353,20100,4742711,-76.07,41.202
354,20120,12800611,-76.068,41.203
355,20128,15504111,-82.98,33.092
356,20152,15502311,-82.86,33.118
357,20224,15525911,-84.306,32.911
358,20271,2654411,-83.582,32.579
359,20303,15558711,-85.0,33.353
360,20363,9765611,-85.04,33.408
361,20379,10642811,-94.284,36.184
362,20388,15667711,-115.502,33.242
363,20406,16711,-119.904,36.24
364,20408,10288711,-118.844,34.957
365,20432,15757411,-121.76,38.012
366,20448,10524811,-121.791,38.012
367,20456,6486311,-121.896,38.039
368,20461,150711,-121.844,38.015
369,20477,148911,-121.876,38.03
370,20520,7155511,-88.746,32.293
371,20554,5681911,-118.39,34.242
372,20564,5796711,-118.099,33.76
373,20578,17216311,-117.945,34.008
374,20603,4083411,-118.397,33.851
375,20605,16016511,-118.22,33.998
376,20610,5683211,-118.266,33.771
377,20629,4083011,-118.231,33.76
378,20639,4083111,-118.103,33.771
379,20641,4084611,-118.425,33.91
380,20691,3880211,-79.806,41.291
381,20763,13908211,-117.363,34.595
382,20766,4785211,-117.524,34.09
383,20768,3000911,-76.637,39.764
384,20784,6464111,-77.176,40.122
385,20785,8355111,-115.734,43.179
386,20809,15472411,-115.667,43.147
387,20822,8004311,-74.893,40.08
388,20857,1549311,-122.424,40.509
389,20889,15604711,-83.696,33.812
390,20911,15508211,-83.695,33.815
391,20935,15578811,-84.082,31.387
392,20973,15580111,-84.081,31.387
393,20989,16971311,-116.82,43.904
394,20997,13841411,-121.122,38.336
395,21013,10136711,-117.858,33.854
396,21018,5905811,-117.98,33.647
397,21020,909411,-93.792,33.609
398,21026,3769311,-77.683,39.867
399,21060,2424211,-75.624,39.281
400,21064,588111,-75.545,39.176
401,21068,2800411,-75.548,39.147
402,21072,753811,-75.547,39.151
403,21078,754311,-73.185,41.171
404,21084,2708911,-73.1,41.224
405,21086,643411,-72.904,41.284
406,21092,14624411,-72.834,41.447
407,21096,590011,-73.109,41.209
408,21110,5523711,-92.873,40.748
409,21142,6257011,-79.265,39.2
410,21156,8449511,-95.321,34.015
411,21158,6011911,-76.686,38.544
412,21182,5695811,-84.376,42.246
413,21184,6212611,-122.686,48.829
414,21188,4188311,-82.96,36.374
415,21218,6816611,-90.335,38.401
416,21226,6436311,-96.082,30.619
417,21228,3732211,-92.555,41.098
418,21234,4018411,-97.214,28.713
419,21236,4837411,-106.432,31.984
420,21242,6336811,-86.235,43.07
421,21244,8129311,-86.113,42.795
422,21246,7892811,-91.058,41.389
423,21258,5985211,-84.558,42.718
424,21262,1083411,-91.408,35.678
425,21266,6773611,-79.929,39.709
426,21270,16320111,-79.959,39.708
427,21278,5335511,-90.659,42.503
428,21282,6251011,-88.557,30.533
429,21298,658911,-92.904,34.436
430,21300,5511811,-91.117,40.741
431,21304,6760711,-81.923,38.967
432,21320,8519411,-97.05,36.457
433,21324,8506011,-95.289,35.762
434,21330,5245111,-93.989,38.751
435,21332,4979311,-87.652,36.39
436,21346,3968411,-95.636,29.479
437,21362,4144811,-96.752,29.914
438,21378,4041111,-81.217,34.056
439,21418,6902311,-80.817,39.829
440,21426,4760911,-78.922,33.71
441,21460,919411,-80.067,26.613
442,21464,14654911,-80.375,26.699
443,21482,8522311,-95.289,36.189
444,21486,1013411,-114.71,32.721
445,21488,5321511,-94.589,37.361
446,21490,3981511,-97.271,30.146
447,21504,6346411,-94.876,39.725
448,21510,7164511,-92.318,38.966
449,21514,13372611,-81.018,33.87
450,21518,640611,-82.7,28.957
451,21534,863011,-110.3,34.941
452,21542,4120411,-80.113,33.369
453,21544,8306711,-79.929,33.016
454,21564,7458511,-70.805,43.103
455,21568,7288011,-70.791,43.1
456,21574,7287811,-70.784,43.097
457,21584,715711,-72.58,41.555
458,21598,14622911,-72.597,41.553
459,21612,12810911,-105.384,44.286
460,21616,12811111,-105.381,44.291
461,21620,8041911,-105.384,44.288
462,21622,15064111,-105.38,44.291
463,21626,7844911,-105.384,44.285
464,21634,15659411,-105.46,44.388
465,21636,7258311,-86.085,42.755
466,21646,5509311,-91.166,43.337
467,21648,640911,-75.233,38.587
468,21652,5045611,-81.911,33.434
469,21664,8404811,-79.79,40.538
470,21666,6084311,-76.528,39.178
471,21678,827811,-75.503,39.74
472,21690,640311,-75.506,39.746
473,21698,588311,-75.634,39.595
474,21712,844911,-72.692,41.762
475,21716,6196011,-84.155,36.02
476,21760,7717711,-78.746,39.596
477,21762,7870811,-81.031,33.365
478,21768,7664111,-94.183,39.176
479,21774,7663711,-94.477,39.13
480,21782,845411,-81.166,28.482
481,21818,5720911,-87.986,36.03
482,21842,717611,-80.515,27.039
483,21846,8048111,-77.618,36.436
484,21880,537911,-82.345,27.607
485,21896,1839711,-107.591,40.463
486,21898,6789111,-81.823,38.473
487,21910,7126411,-80.622,33.827
488,21924,6498311,-94.619,32.018
489,21930,13385811,-96.489,31.182
490,21934,7552911,-96.696,31.093
491,21938,7926611,-98.31,32.658
492,21944,4930011,-102.57,34.185
493,21948,4862411,-94.066,30.057
494,21964,7908711,-94.69,32.448
495,21966,4845611,-94.485,32.461
496,21970,7595411,-89.621,36.879
497,21978,2943411,-96.379,42.324
498,21982,2943511,-96.363,42.3
499,21986,7265811,-78.088,35.381
500,22002,6688411,-92.637,39.551
501,22040,8514011,-80.059,36.283
502,22048,12806611,-93.608,42.025
503,22072,5610411,-86.397,36.316
504,22084,6795111,-94.979,39.448
505,22086,6441111,-83.54,42.167
506,22094,7306011,-83.103,42.295
507,22096,8229311,-83.112,42.274
508,22100,7902611,-83.145,42.208
509,22102,7778711,-83.153,42.304
510,22122,2995011,-90.448,41.54
511,22124,3052111,-96.055,31.821
512,22140,8300611,-81.762,35.216
513,22144,8508011,-80.602,35.732
514,22146,9510111,-86.292,42.323
515,22212,8491111,-78.974,34.588
516,22220,2992611,-95.841,41.18
517,22228,8490411,-79.74,34.839
518,22258,7239211,-82.697,43.102
519,22260,7239111,-82.486,42.769
520,22290,4979111,-84.519,35.899
521,22482,7826011,-79.071,36.484
522,22490,5363811,-89.562,36.515
523,22494,4898511,-98.477,28.704
524,22496,8306411,-80.699,32.21
525,22502,7494511,-93.259,37.109
526,22516,7496411,-93.388,37.153
527,22520,5620911,-85.49,42.28
528,22522,7735111,-109.163,34.318
529,22534,7735011,-109.272,34.578
530,22546,6131311,-76.221,39.442
531,22550,8419211,-110.597,41.758
532,22556,8370411,-80.961,35.598
533,22564,6271711,-80.333,39.385
534,22570,4207711,-104.819,42.111
535,22582,4951511,-80.166,34.418
536,22618,5597111,-108.082,35.416
537,22620,5998011,-77.465,39.207
538,22624,922611,-81.608,30.422
539,22640,5617211,-98.32,29.306
540,22650,552611,-72.1,41.429
541,22660,6418211,-105.777,42.838
542,22678,4948311,-82.435,34.602
543,22684,17167211,-71.169,44.471
544,22688,642811,-83.18,30.375
545,22694,3942411,-91.093,41.318
546,22716,3940211,-91.638,41.944
547,22720,6473711,-84.226,43.585
548,22736,9219711,-97.224,35.687
549,22744,643111,-81.922,28.08
550,22748,751911,-81.99,27.727
551,22752,8007311,-96.725,34.964
552,22758,8212411,-95.699,36.426
553,22762,8547211,-77.986,34.283
554,22774,2731711,-84.202,30.163
555,22780,3779111,-92.863,42.049
556,22786,6093411,-83.443,42.549
557,22798,5509811,-90.234,41.808
558,22808,6884511,-81.421,38.205
559,22822,4187811,-84.69,44.604
560,22830,3962711,-108.782,41.738
561,22854,717211,-82.788,28.184
562,22858,5258811,-90.262,38.131
563,22862,7053011,-89.218,33.376
564,22900,844711,-71.896,41.872
565,22906,8178911,-71.468,43.141
566,22914,15259811,-89.946,35.664
567,22918,900011,-80.332,25.436
568,22932,7529611,-93.933,38.313
569,22944,4036111,-95.038,33.092
570,22948,4164411,-94.843,33.056
571,22956,5745311,-101.748,35.299
572,22962,13408411,-97.061,30.567
573,22966,4204811,-97.063,30.566
574,22968,15628511,-96.955,31.475
575,22970,5650511,-96.253,31.424
576,22998,6783411,-90.291,38.916
577,23002,4782811,-81.296,39.368
578,23006,715111,-84.4,30.452
579,23016,1003111,-87.06,33.632
580,23024,6032111,-90.837,38.564
581,23032,893911,-92.139,34.424
582,23042,7779111,-84.755,42.032
583,23046,8532811,-122.435,48.455
584,23050,8086311,-101.32,47.283
585,23054,538611,-82.403,27.794
586,23078,6472811,-83.67,43.085
587,23082,6788111,-89.026,30.439
588,23088,6652811,-79.358,33.331
589,23100,5553011,-87.654,40.106
590,23230,9701111,-87.751,41.443
591,23300,4688511,-87.753,41.44
592,23363,4590011,-87.942,41.393
593,23417,4506411,-88.116,41.442
594,23453,4106911,-87.62,41.429
595,23490,8018111,-88.062,41.633
596,23533,7973011,-88.115,41.493
597,23769,15640311,-83.7,33.837
598,23798,5759211,-70.52,44.532
599,23806,3220911,-88.225,41.815
600,23896,7808911,-88.858,37.21
601,23918,5535711,-88.867,37.217
602,24007,7340311,-89.405,39.058
603,24051,7338011,-90.175,38.661
604,24096,7791011,-90.134,38.863
605,24177,9725911,-87.545,41.718
606,24195,9728111,-87.556,41.684
607,24213,9723111,-88.245,42.0
608,24321,1945711,-88.539,38.7
609,24357,5422711,-89.662,40.596
610,24390,2612411,-82.82,34.339
611,24426,15559111,-84.991,33.358
612,24522,7954611,-89.856,38.204
613,24555,7377311,-89.605,39.754
614,24577,4541611,-89.589,39.823
615,24617,5457411,-90.436,39.57
616,24671,9698311,-88.759,39.224
617,24707,4725911,-88.477,39.279
618,24779,5483011,-89.405,41.829
619,24851,10824211,-89.606,41.775
620,24923,8164511,-88.953,37.619
621,24992,9698111,-89.101,42.239
622,25019,15578911,-83.847,32.984
623,25025,15602211,-85.278,33.948
624,25180,2587011,-88.276,38.937
625,25200,1786811,-88.24,42.094
626,25236,9692211,-88.257,41.481
627,25312,5390311,-87.895,42.477
628,25366,7792311,-87.814,42.382
629,26195,7757511,-114.994,35.786
630,26225,12770211,-114.96,36.409
631,26237,12768311,-114.92,36.384
632,26261,9399011,-114.901,36.429
633,26279,9398511,-114.96,36.414
634,26315,9398411,-115.356,35.613
635,26327,10626511,-115.036,36.139
636,26351,9399211,-115.124,36.232
637,26381,8404911,-80.044,40.466
638,26399,2990311,-79.769,40.545
639,26579,5823511,-70.156,43.751
640,26627,8028611,-70.378,43.655
641,26643,5677011,-70.242,44.506
642,26691,7719211,-68.71,44.823
643,26707,1929211,-89.497,39.591
644,26749,2585811,-89.511,37.657
645,26767,2670611,-88.859,39.103
646,26776,2622911,-88.398,40.471
647,26812,4533911,-89.346,38.114
648,26884,9686711,-88.599,40.107
649,26938,4685311,-89.315,41.303
650,26980,4594711,-90.28,41.712
651,27010,3206511,-89.982,40.466
652,27021,3348811,-88.33,41.413
653,27048,10857911,-89.667,38.279
654,27087,5281411,-96.737,40.732
655,27094,5281111,-96.784,40.56
656,27143,9701511,-89.013,38.761
657,27179,7337411,-90.079,40.282
658,27190,8387311,-68.803,44.574
659,27206,5295111,-88.013,44.541
660,27325,7642611,-88.068,44.448
661,27329,9091111,-122.914,46.623
662,27353,6281311,-122.857,46.756
663,27732,7049311,-88.73,42.855
664,27738,6765911,-88.688,43.167
665,27766,901211,-82.42,27.907
666,28348,4919611,-121.475,38.512
667,28358,9434711,-96.808,40.329
668,28372,6031711,-90.177,36.585
669,28388,922311,-81.783,26.697
670,28584,7179611,-87.656,44.082
671,28768,8211811,-99.702,40.694
672,28831,7078511,-89.65,44.858
673,28849,16843311,-89.63,44.888
674,29056,5201711,-89.839,36.868
675,29269,6229211,-87.87,43.384
676,29320,5646011,-71.08,42.363
677,29336,5233811,-71.313,42.631
678,29602,6341911,-82.533,38.367
679,29652,6341811,-82.594,38.344
680,29986,2712911,-82.558,28.366
681,30025,2712411,-82.189,28.375
682,30088,10734511,-94.481,38.682
683,30095,7359211,-94.301,38.793
684,30159,7357911,-94.277,38.787
685,30270,6746711,-88.497,43.735
686,30316,6748911,-91.006,42.725
687,30392,6748311,-90.985,42.708
688,30460,7991911,-108.439,36.802
689,30479,13646111,-108.214,36.714
690,30509,7711211,-91.233,43.559
691,30537,2797311,-81.333,28.904
692,30547,845211,-81.328,28.842
693,30723,7303711,-95.778,40.622
694,30739,5235111,-88.15,43.196
695,30807,9740311,-81.812,28.053
696,30817,552011,-81.869,27.789
697,30858,8514711,-81.849,27.747
698,30874,752011,-81.923,28.049
699,31091,3197811,-81.825,27.87
700,31105,2312411,-81.878,27.849
701,31186,7269411,-93.715,39.073
702,31200,12779711,-80.378,27.385
703,31212,7766511,-101.142,41.081
704,31250,2492411,-87.116,30.566
705,31268,9012411,-87.88,43.753
706,31270,7692911,-87.71,43.72
707,31411,590411,-80.767,28.468
708,31456,591111,-80.795,28.365
709,31478,590511,-80.783,28.492
710,31667,535011,-82.389,29.758
711,31676,15561111,-82.396,29.767
712,31703,8500311,-82.349,29.64
713,31717,536811,-82.322,29.646
714,31731,4958511,-91.905,44.308
715,31766,7404611,-107.783,32.299
716,31784,640211,-81.554,30.417
717,31889,15032711,-81.517,30.158
718,31897,641211,-81.948,30.32
719,31907,557811,-81.626,30.365
720,32448,752711,-87.227,30.567
721,32564,7184711,-90.038,34.993
722,32570,7673611,-89.42,43.486
723,32704,7994311,-108.698,32.35
724,32716,5213011,-108.549,32.237
725,32891,9445711,-95.965,40.948
726,33215,7498011,-93.17,37.248
727,33264,6013111,-72.648,42.048
728,33279,6028411,-72.596,42.096
729,33335,5979511,-72.523,42.157
730,33363,7581811,-106.547,31.805
731,33379,7583911,-106.848,32.113
732,33487,13603611,-95.56,45.3
733,33489,6794611,-91.229,39.353
734,33710,6688611,-92.484,39.424
735,33718,751811,-82.601,27.861
736,33877,6714711,-98.328,40.922
737,33896,8212011,-98.349,40.855
738,33908,6330411,-87.829,42.846
739,33952,6330511,-87.924,43.031
740,34385,751511,-80.564,27.054
741,34590,554011,-81.734,24.564
742,34608,15038711,-88.209,44.321
743,34643,7122011,-94.707,43.673
744,34780,2694911,-81.418,28.442
745,34797,8100311,-94.326,39.091
746,34821,7663811,-94.56,39.122
747,34828,7668211,-94.299,38.862
748,35116,558411,-81.533,28.276
749,35122,1950911,-81.548,28.264
750,35328,7096511,-87.69,45.086
751,35336,7718511,-70.509,41.77
752,35378,8399211,-98.311,40.581
753,35451,6228411,-90.901,46.587
754,36156,12579611,-122.985,46.14
755,36343,6870311,-91.516,44.886
756,36468,6569511,-70.968,42.234
757,36496,5735611,-71.453,42.111
758,36510,5736011,-71.483,42.092
759,36538,6567311,-70.966,42.242
760,36613,5338211,-94.103,37.137
761,36635,5339011,-94.613,37.066
762,36856,921511,-80.053,26.765
763,37350,588511,-81.924,27.524
764,37400,769811,-81.975,27.639
765,37406,4390111,-81.963,27.642
766,37431,7543511,-92.22,38.593
767,37439,7542511,-92.102,38.556
768,37529,7766111,-96.461,41.428
769,37556,5255311,-94.783,40.283
770,38027,7324011,-88.013,42.667
771,38034,7509411,-87.903,42.538
772,38188,1968211,-80.377,27.634
773,38237,1968811,-84.888,30.669
774,38261,4958811,-91.26,43.829
775,38269,7555511,-88.506,44.193
776,38410,591711,-80.199,26.069
777,38502,7344011,-122.725,45.65
778,38657,6468611,-71.512,42.129
779,38664,6049311,-71.516,42.06
780,38678,6066411,-72.015,42.112
781,38692,9018711,-89.036,42.583
782,38710,6877711,-89.029,42.583
783,38714,2474411,-81.633,29.734
784,38742,6993011,-89.927,34.336
785,38762,7240911,-71.069,42.39
786,38806,5229511,-103.354,32.714
787,38820,14627711,-103.31,32.73
788,38832,5228411,-103.302,32.715
789,38853,7467711,-89.46,43.015
790,38855,7454711,-89.05,42.976
791,38861,554911,-85.7,30.268
792,38936,5058811,-71.106,41.865
793,38971,5057311,-70.999,41.673
794,38985,6624211,-71.124,41.831
795,38992,5058411,-71.192,41.71
796,39141,6998911,-91.538,39.307
797,39190,6998211,-91.833,39.148
798,39226,4174811,-84.657,42.692
799,39431,6732411,-95.946,41.33
800,39481,6732511,-95.922,41.252
801,39731,9455211,-89.946,31.599
802,39785,4919711,-121.402,38.532
803,40388,7053111,-89.42,33.288
804,40564,9091411,-120.834,45.811
805,40764,4190311,-86.424,43.942
806,40781,3943511,-119.17,34.131
807,40843,5705211,-119.251,34.207
808,40929,7888311,-83.344,41.89
809,41289,7285811,-83.449,41.792
810,42205,17414411,-121.765,38.017
811,42274,10296711,-119.593,35.295
812,42291,10295611,-119.47,35.28
813,42376,361111,-119.585,35.21
814,42431,17611,-119.648,36.27
815,44685,7422511,-83.181,42.124
816,44775,6180011,-85.435,44.261
817,44843,7778411,-87.395,46.579
818,45203,7779711,-87.391,46.531
819,45574,1405711,-121.387,38.088
820,45581,14090111,-121.125,37.731
821,45615,10009011,-121.491,37.711
822,46347,15863611,-120.584,36.654
823,46415,13845911,-119.744,36.692
824,46449,6515311,-120.388,36.181
825,46472,14025311,-120.896,37.488
826,46496,1218011,-121.02,37.653
827,46624,2096011,-120.864,35.953
828,46630,2096311,-120.84,35.936
829,46682,12623711,-122.366,47.086
830,46688,15472711,-116.867,47.804
831,46913,8125511,-86.204,42.912
832,47297,10098911,-117.116,33.122
833,47339,10097111,-116.941,32.564
834,47354,10099011,-116.971,32.796
835,47369,3371111,-117.165,32.88
836,47417,6212411,-122.487,48.745
837,47500,6212511,-122.274,48.99
838,47643,7181411,-90.563,34.183
839,47822,14624011,-72.836,41.448
840,48086,15588211,-73.042,41.544
841,48616,754511,-73.185,41.171
842,48652,7684911,-112.031,40.665
843,48680,7559311,-111.929,40.769
844,48729,12730611,-111.753,40.329
845,48757,4364011,-105.024,40.862
846,48804,8427711,-73.965,41.573
847,49005,7785911,-103.699,39.206
848,49017,3457111,-108.507,38.238
849,49027,16154811,-98.229,35.083
850,49034,8536511,-98.352,35.1
851,49041,1046611,-98.231,35.083
852,49119,4392711,-104.707,38.633
853,49153,5509511,-95.257,43.161
854,49250,3551511,-104.874,40.246
855,49273,4223811,-104.774,40.098
856,49304,12868211,-104.595,40.091
857,49703,4458511,-107.186,40.487
858,49747,8185411,-97.179,35.508
859,50054,9661311,-94.919,41.514
860,50093,12758911,-116.53,40.746
861,50099,778211,-105.202,40.019
862,50108,5524311,-92.42,42.441
863,50145,12806211,-92.44,42.527
864,50174,7558311,-112.58,39.509
865,50188,7302811,-119.522,39.561
866,50243,7320211,-98.324,34.542
867,50269,5494511,-93.204,43.248
868,50277,10702411,-93.293,43.094
869,50330,9093511,-111.893,39.819
870,50762,7302011,-117.153,40.881
871,50773,13414311,-114.159,35.035
872,50788,16323811,-114.133,35.054
873,50829,8416111,-95.992,36.117
874,50841,7218011,-95.934,35.983
875,50892,8186111,-95.957,35.998
876,50924,3164811,-93.529,41.558
877,50955,3164611,-93.677,41.672
878,51231,2993611,-92.749,41.753
879,51307,12806511,-93.583,42.027
880,51400,3731711,-94.347,41.113
881,51711,897211,-103.679,40.22
882,51735,3936111,-103.631,40.242
883,51752,862811,-109.894,32.058
884,52257,6815611,-114.632,36.656
885,52439,5050611,-111.08,39.379
886,52467,5050511,-111.029,39.173
887,52813,8350811,-97.675,35.47
888,52843,8209811,-119.132,39.128
889,53003,4367811,-104.575,38.208
890,53037,8518611,-99.225,36.435
891,53805,1024211,-95.934,34.683
892,53891,5066211,-110.864,39.725
893,53919,3555811,-104.965,39.808
894,54067,17744711,-75.499,39.187
895,54293,6599611,-96.461,30.722
896,54320,7742411,-85.838,38.263
897,54883,8505111,-77.168,35.132
898,55065,16584111,-93.812,33.65
899,55155,8086411,-101.332,47.287
900,55200,8086511,-101.837,47.368
901,55246,8086611,-101.816,47.222
902,55282,6173211,-93.654,47.261
903,55358,8087911,-101.213,47.067
904,55403,3699211,-84.47,33.829
905,55585,3022411,-75.539,41.482
906,55647,5729111,-94.902,29.771
907,55650,5847411,-94.923,29.752
908,55771,3776611,-80.368,40.938
909,55828,5729511,-94.991,31.94
910,55993,5506011,-84.895,39.803
911,56055,5507411,-85.308,40.621
912,56071,16862411,-96.614,33.577
913,56085,4018911,-98.14,29.624
914,56088,7720411,-97.973,29.593
915,56118,14748411,-94.257,30.303
916,56126,4925011,-95.046,29.626
917,56135,6429411,-95.11,29.816
918,56147,6616311,-95.072,29.703
919,56150,4926511,-95.535,29.942
920,56162,6422111,-95.177,29.725
921,56165,6510011,-95.232,29.719
922,56168,4057511,-95.121,29.837
923,56171,7907811,-95.041,29.695
924,56204,6509911,-95.136,29.714
925,56219,4777911,-95.223,29.819
926,56255,6429511,-95.067,29.626
927,56316,4927111,-97.991,29.781
928,56328,4863311,-96.101,32.124
929,56337,5655011,-98.372,30.558
930,56346,5613211,-94.548,32.849
931,56364,7652411,-94.723,32.922
932,56367,13389311,-94.9,31.832
933,56370,5611911,-97.31,27.608
934,56376,4189011,-97.419,27.819
935,56382,4206511,-97.428,27.814
936,56398,5678011,-101.746,35.284
937,56421,5780011,-97.258,27.889
938,56445,9071611,-97.613,30.209
939,56457,5021711,-97.612,30.304
940,56496,8515911,-102.959,31.583
941,56511,8516011,-95.899,29.264
942,56514,13392711,-96.068,29.289
943,56526,7927311,-99.176,34.083
944,56529,9051811,-97.909,33.061
945,56535,8532511,-98.612,33.135
946,56592,4478911,-87.248,38.806
947,56617,14766611,-104.392,48.21
948,56627,5860711,-96.45,33.07
949,56674,3988511,-87.478,41.674
950,56706,13597611,-94.002,44.199
951,56808,10709711,-76.16,39.72
952,57260,6275411,-93.248,44.812
953,57270,6276011,-93.042,44.782
954,57420,5632311,-95.746,29.072
955,57518,8198011,-85.175,39.656
956,57685,16600211,-81.417,35.171
957,57915,7488611,-93.109,44.933
958,57927,7362411,-87.253,38.528
959,57937,4672011,-87.266,38.521
960,58000,3721111,-81.544,31.215
961,58172,8166111,-87.715,37.905
962,58318,9467011,-93.289,44.335
963,58431,3193911,-76.697,40.096
964,58491,15649311,-76.308,39.739
965,58750,8225111,-86.419,39.485
966,58766,7150111,-92.491,44.032
967,59047,5702311,-85.844,38.222
968,59066,5702411,-85.889,38.183
969,59359,7353711,-85.911,38.053
970,59728,7072311,-96.043,46.29
971,59738,5270511,-108.484,45.773
972,59812,4836411,-96.546,32.837
973,59818,5729911,-96.937,32.726
974,59833,3713211,-85.346,34.253
975,60133,3115511,-97.106,33.197
976,60143,4834311,-71.407,41.861
977,60330,5617311,-97.359,31.859
978,60412,16861111,-97.315,31.055
979,60430,12582311,-123.481,46.969
980,60436,7972611,-84.86,39.08
981,60452,10715711,-84.867,39.091
982,60573,3000111,-98.575,29.352
983,60582,5616511,-98.381,29.257
984,60912,7039811,-90.911,47.531
985,61427,2985011,-78.366,41.067
986,66286,1050611,-91.364,35.26
987,66293,8017211,-87.036,37.926
988,66406,16658111,-85.038,33.407
989,66446,7415011,-85.035,33.412
990,66608,15560111,-83.604,32.485
991,67121,8500711,-83.398,34.041
992,67688,4852511,-96.111,31.89
993,67799,6772111,-92.779,45.03
994,67803,6785711,-92.91,44.796
995,67848,7248511,-87.427,39.924
996,68185,4147311,-87.423,39.527
997,68271,3930911,-94.942,29.377
998,68277,9132111,-94.932,29.378
999,68501,8183111,-87.333,37.915
1000,68507,8183011,-87.325,37.91
1001,68922,9123111,-94.436,32.396
1002,68928,8354711,-83.806,33.063
1003,69072,9751411,-84.919,34.709
1004,69112,4846411,-98.19,26.34
1005,69118,7908611,-98.399,26.208
1006,69121,6141711,-98.175,26.342
1007,69130,9116611,-97.731,32.334
1008,69133,6153011,-97.698,32.404
1009,69172,5649311,-101.422,32.273
1010,69178,5655711,-96.127,33.171
1011,69214,7910111,-101.36,35.696
1012,69220,13385011,-97.957,33.101
1013,69241,6364211,-97.409,32.399
1014,69244,9146511,-96.492,32.756
1015,69262,15040211,-84.692,32.589
1016,69334,7910611,-95.59,33.631
1017,69346,6431011,-95.557,33.697
1018,69352,4946011,-102.41,34.166
1019,69376,4030611,-101.74,33.524
1020,69382,5655211,-101.791,33.521
1021,69385,5655311,-101.841,33.604
1022,69394,4204911,-100.913,32.334
1023,69412,7910511,-95.521,30.436
1024,69418,9118811,-93.736,30.258
1025,69430,5730811,-93.877,30.022
1026,69442,6509111,-93.758,30.055
1027,69448,5731011,-93.772,30.044
1028,69493,4207311,-94.571,32.261
1029,69511,14748511,-95.011,30.419
1030,69517,4916711,-97.218,32.727
1031,69529,5863011,-97.135,28.895
1032,69535,6497211,-97.011,28.789
1033,69541,5023911,-99.508,27.568
1034,69547,5129311,-102.742,32.972
1035,69559,8240111,-76.604,39.266
1036,69599,6572611,-76.63,39.266
1037,69677,4744211,-76.042,40.928
1038,70486,7618511,-104.153,47.679
1039,70606,8286911,-77.663,36.454
1040,71211,7765611,-106.612,45.883
1041,71258,8011511,-86.909,41.721
1042,71270,8482611,-94.841,43.798
1043,71674,3881111,-76.665,41.07
1044,71738,3709711,-84.135,31.443
1045,71857,3881711,-75.108,40.796
1046,72790,7532111,-106.601,35.173
1047,73341,7851511,-107.597,45.764
1048,73719,5155011,-76.365,39.324
1049,73789,5154911,-76.514,39.238
1050,73815,3866111,-79.341,40.66
1051,74003,3038311,-71.17,41.642
1052,74041,1015511,-94.524,36.258
1053,74126,9516311,-95.13,47.544
1054,74186,2813011,-84.919,34.126
1055,74355,7458411,-71.426,42.904
1056,75199,6011511,-76.977,38.359
1057,75479,7945511,-75.821,38.488
1058,75499,7005011,-93.581,44.795
1059,75609,8150511,-104.74,47.054
1060,75665,6594411,-78.799,40.55
1061,75697,3981311,-97.27,30.148
1062,75703,3981411,-97.549,30.144
1063,75718,7255211,-86.198,39.712
1064,75789,3703111,-84.905,33.463
1065,75889,7744211,-85.419,38.738
1066,75943,4917811,-87.604,37.969
1067,76027,7003311,-92.683,43.799
1068,76223,976411,-92.792,33.565
1069,76359,13596111,-92.915,44.537
1070,76367,8171111,-119.808,45.693
1071,76384,3677911,-81.145,32.149
1072,76453,7363111,-87.768,38.372
1073,76483,8134411,-78.83,35.098
1074,76631,4962811,-96.511,45.307
1075,76720,6393811,-93.275,45.02
1076,77349,14748911,-96.994,30.024
1077,77364,8396211,-87.511,39.069
1078,77480,9138811,-95.623,29.473
1079,77807,9736811,-81.181,32.347
1080,77875,3711211,-81.171,32.356
1081,78026,6319411,-91.261,47.286
1082,78040,6760811,-81.934,38.979
1083,78261,8011011,-101.158,47.381
1084,78296,1119311,-92.868,34.298
1085,78329,6167711,-93.208,45.6
1086,78399,8087011,-100.886,46.868
1087,78740,2905911,-79.061,40.384
1088,78780,3005211,-79.197,40.514
1089,78800,3005111,-79.034,40.408
1090,78880,3968311,-102.326,31.84
1091,78889,13408111,-102.317,31.841
1092,78904,7838011,-92.153,46.735
1093,78916,6941511,-92.162,47.53
1094,78964,6949611,-93.431,44.786
1095,78976,6494211,-97.056,32.429
1096,78991,6389111,-96.675,32.321
1097,78997,6990811,-93.896,45.379
1098,79005,8162511,-93.555,45.296
1099,79034,3049111,-106.375,31.758
1100,79073,4020611,-94.641,32.377
1101,79097,6436111,-95.918,30.593
1102,79137,7957011,-87.024,41.218
1103,79822,15028311,-81.748,33.137
1104,79928,6413611,-76.867,38.668
1105,80877,7376611,-87.122,41.645
1106,81129,3853711,-80.42,40.634
1107,86157,4479311,-87.293,38.672
1108,86581,10714911,-86.451,38.801
1109,93418,4133511,-87.443,39.928
1110,100215,1032711,-111.588,32.922
1111,100395,998111,-111.789,32.904
1112,103152,4560611,-87.013,39.072
1113,103599,6493311,-97.522,25.913
1114,106710,1016511,-92.587,33.296
1115,107454,6633911,-77.272,37.293
1116,107538,6773811,-79.962,39.64
1117,107652,7384111,-86.24,43.254
1118,108286,7826111,-78.892,36.528
1119,108771,8172811,-83.845,43.639
1120,108888,8176711,-78.012,33.944
1121,109320,8199411,-89.679,40.541
1122,109396,8542611,-76.63,42.6
1123,109954,7392311,-74.025,40.84
1124,110044,4864511,-80.164,39.561
1125,0,7479811,-75.501,39.675
1126,17,9389811,-73.909,40.799
1127,65,9389711,-73.914,40.798
1128,144,7417511,-78.74,43.16
1129,214,7417011,-79.007,43.084
1130,400,7221911,-73.64,40.658
1131,723,7221211,-73.59,40.65
1132,752,10680511,-73.647,40.832
1133,798,7993311,-73.59,40.738
1134,909,8469711,-75.306,43.618
1135,944,8377511,-78.068,42.503
1136,967,7801011,-73.764,42.594
1137,1127,7844111,-74.199,40.592
1138,1208,7763311,-73.896,40.781
1139,1293,7982211,-73.906,40.789
1140,1345,12681711,-73.905,40.787
1141,1387,9333511,-73.951,40.754
1142,1635,9318011,-73.078,40.949
1143,1681,9316211,-73.293,40.786
1144,1699,10724011,-72.867,40.957
1145,1725,8123111,-73.387,40.734
1146,1761,8474611,-72.21,40.962
1147,1836,8123311,-73.106,40.786
1148,1857,8123211,-73.29,40.882
1149,1930,7942711,-72.39,41.09
1150,1943,7942611,-72.38,40.9
1151,2046,8504011,-78.93,42.97
1152,2134,7993711,-73.943,41.647
1153,2151,8539211,-76.45,43.495
1154,2209,7980711,-76.426,43.349
1155,2227,8123611,-73.942,41.277
1156,2278,7982111,-73.592,43.306
1157,2337,7968011,-75.442,44.726
1158,2413,15473111,-73.749,42.63
1159,2440,8427411,-74.38,41.4
1160,2484,7435811,-76.08,43.06
1161,2522,7982011,-76.115,43.005
1162,2546,7986111,-73.99,40.77
1163,2732,7995311,-73.953,40.768
1164,2909,7992311,-74.002,40.662
1165,2971,8039511,-74.023,40.65
1166,3555,9326011,-74.001,40.662
1167,4238,8038811,-73.98,40.7
1168,4261,8104811,-75.772,44.037
1169,4362,5615011,-97.068,36.144
1170,4388,8185511,-97.649,35.441
1171,4396,4508311,-81.074,32.299
1172,4409,16614911,-81.687,33.272
1173,4594,3426211,-81.041,33.98
1174,4640,4075711,-82.775,34.348
1175,4698,8332811,-81.33,34.264
1176,4790,6195711,-103.264,44.089
1177,4856,15647011,-96.991,42.897
1178,4868,7774911,-72.058,44.213
1179,4913,877111,-121.564,39.481
1180,4922,7956711,-85.739,40.053
1181,4982,4841211,-117.383,35.766
1182,5001,5506111,-84.967,39.838
1183,5041,896111,-105.216,39.76
1184,5078,4295211,-104.531,38.283
1185,5083,4456711,-108.735,39.137
1186,5089,2568111,-104.685,40.409
1187,5103,2761411,-102.243,39.357
1188,5115,4223411,-107.73,39.518
1189,5130,5298011,-97.457,41.83
1190,5142,6718911,-96.19,40.367
1191,5167,7460811,-100.195,41.422
1192,5172,6831111,-99.828,40.13
1193,5186,6516311,-86.656,36.269
1194,5260,6216811,-78.063,37.313
1195,5271,9047011,-79.892,37.777
1196,5305,4937411,-76.691,37.158
1197,5330,6743611,-77.241,38.695
1198,5438,6960911,-75.54,37.989
1199,5480,4039911,-77.431,37.456
1200,5520,4183011,-76.304,36.809
1201,5584,4195111,-77.13,38.801
1202,5629,7707611,-82.102,36.664
1203,5664,9049611,-76.71,37.949
1204,5698,7473111,-79.276,37.105
1205,5758,9093011,-81.962,37.175
1206,5779,5768811,-77.268,37.301
1207,5833,5040211,-76.302,36.77
1208,5881,8497311,-84.236,40.132
1209,5904,10698611,-84.293,41.516
1210,6095,9253611,-83.635,41.398
1211,6119,3950711,-81.766,40.849
1212,6271,7345511,-81.472,40.521
1213,6329,8250711,-81.713,41.465
1214,6472,8149311,-81.254,41.726
1215,6548,14755911,-84.106,41.408
1216,6644,7391611,-75.117,39.909
1217,6686,6719511,-74.328,40.461
1218,6764,7621611,-74.349,40.448
1219,6788,7620911,-74.401,40.492
1220,6884,7462211,-75.202,39.454
1221,6942,12741811,-75.095,39.45
1222,6990,8238011,-74.765,40.217
1223,7080,7604111,-74.921,40.68
1224,7220,7310911,-74.876,40.071
1225,7324,7514511,-74.443,39.366
1226,7410,8177011,-74.126,40.739
1227,7569,8174211,-74.169,40.062
1228,7723,7989511,-75.011,40.82
1229,7783,7548611,-74.275,40.676
1230,7797,7990111,-74.212,40.624
1231,7951,7906111,-74.266,40.601
1232,7996,7217311,-74.097,40.738
1233,8060,15658011,-74.094,40.654
1234,8348,7701011,-75.138,39.874
1235,8388,16662211,-75.156,39.871
1236,8452,17169211,-75.22,39.841
1237,8492,7445611,-90.984,30.188
1238,8532,7227011,-91.184,30.267
1239,8561,7449911,-91.256,30.274
1240,8647,7202911,-90.446,29.984
1241,8711,5608111,-89.977,29.934
1242,8730,7354711,-91.186,30.497
1243,8762,5718311,-93.127,30.201
1244,8786,7380711,-93.291,30.284
1245,8816,5836111,-92.081,32.688
1246,8876,16652211,-88.353,37.048
1247,8951,5343711,-86.792,37.963
1248,8981,15073911,-88.616,37.032
1249,9004,12657411,-99.362,38.93
1250,9076,4499711,-97.128,39.374
1251,9148,2975211,-98.056,37.12
1252,9244,3670511,-96.965,37.686
1253,9268,3670411,-96.972,37.679
1254,9308,4878111,-98.118,37.642
1255,9368,4538111,-94.899,38.812
1256,9382,3105611,-98.857,38.893
1257,9396,3119511,-98.844,38.899
1258,9403,5372811,-98.742,37.636
1259,9433,5444811,-97.35,37.268
1260,9449,5444311,-97.406,37.261
1261,9471,5414611,-95.47,37.637
1262,9506,4527711,-98.112,39.458
1263,9555,16605111,-94.639,37.631
1264,9577,4628011,-94.651,39.086
1265,9636,9615511,-101.037,39.403
1266,9643,3734911,-95.28,38.615
1267,9779,6595211,-75.361,39.843
1268,9788,4724511,-75.427,39.81
1269,9799,1019211,-87.49,31.582
1270,9840,1060811,-88.05,30.736
1271,9965,7441011,-86.358,33.327
1272,10932,7758611,-71.659,43.714
1273,10934,7868311,-71.68,44.328
1274,10936,7167411,-90.563,34.184
1275,10940,75711,-122.108,39.101
1276,10942,3270411,-120.936,39.936
1277,10944,8003011,-77.862,35.018
1278,10946,6252611,-89.086,32.03
1279,10972,5209211,-71.207,43.848
1280,10974,5209311,-71.197,43.836
1281,10976,3063711,-89.2,35.54
1282,10984,4843611,-75.308,40.1
1283,10988,8231311,-90.206,33.517
1284,11012,6314111,-90.419,32.846
1285,11018,7867011,-71.495,44.594
1286,11020,8482511,-95.565,46.592
1287,11024,4120011,-76.718,40.002
1288,11030,6465211,-76.877,40.264
1289,11032,6622011,-76.854,40.244
1290,11046,7301211,-72.378,43.344
1291,11050,7853911,-72.056,43.443
1292,11052,7301111,-71.577,43.287
1293,11066,6559611,-78.678,41.491
1294,11070,8219711,-75.394,39.825
1295,11082,8271811,-116.892,47.329
1296,11112,772011,-122.282,37.797
1297,11185,863611,-92.41,34.638
1298,11195,3878511,-77.083,41.722
1299,11203,5705711,-120.479,37.877
1300,11232,4736011,-76.2,40.711
1301,11245,3019411,-79.157,40.617
1302,11293,14216111,-121.313,38.835
1303,11313,14224811,-121.324,38.811
1304,11357,13483911,-117.172,33.738
1305,11369,17228711,-116.573,33.933
1306,11409,2541511,-116.173,33.676
1307,11417,15504311,-81.144,32.041
1308,11455,6559511,-75.127,39.967
1309,11457,6559811,-75.188,39.942
1310,11459,6597011,-75.133,39.914
1311,11465,1371711,-121.638,39.139
1312,11473,1371511,-121.64,39.137
1313,11495,6514911,-119.727,36.688
1314,11555,2684911,-75.628,38.634
1315,11585,947111,-116.386,44.953
1316,11611,4713411,-77.35,39.847
1317,11629,4713311,-76.99,39.908
1318,11720,13860411,-121.478,37.717
1319,11755,7940911,-81.098,28.129
1320,11790,1267311,-121.925,37.409
1321,11827,5450811,-77.01,41.24
1322,11833,575411,-122.176,37.458
1323,11849,4473111,-75.983,40.953
1324,11855,5452111,-75.517,40.633
1325,11867,17021811,-84.126,33.045
1326,11878,155811,-124.203,40.8
1327,11920,6339311,-89.662,37.384
1328,11927,492611,-119.229,35.723
1329,11937,295911,-119.372,35.166
1330,11964,6602011,-77.5,41.117
1331,12016,1589611,-119.163,34.198
1332,12017,1605311,-119.044,34.164
1333,12024,2986311,-76.676,39.985
1334,12096,6660711,-76.883,40.328
1335,12108,6464511,-76.917,40.217
1336,12137,10763611,-123.181,44.116
1337,12195,2878411,-74.79,40.176
1338,12198,6575511,-121.704,40.874
1339,12228,8411711,-121.695,40.872
1340,12288,6576611,-122.32,40.471
1341,12342,15498211,-84.547,30.911
1342,12362,3787211,-83.032,36.575
1343,12452,686311,-121.394,38.654
1344,12493,3769511,-77.663,39.942
1345,12502,6282311,-111.665,40.241
1346,12579,6598311,-96.372,30.648
1347,12595,14623611,-73.555,41.038
1348,12601,589911,-72.835,41.44
1349,12613,8049311,-76.78,35.862
1350,12619,7836711,-84.843,43.186
1351,12627,5215711,-84.907,43.401
1352,12645,537611,-80.159,26.287
1353,12649,716911,-80.204,26.069
1354,12669,6212111,-122.752,48.886
1355,12673,7087211,-85.999,42.82
1356,12681,7087011,-86.11,42.793
1357,12689,8062511,-84.725,45.005
1358,12691,7024811,-84.704,45.03
1359,12699,6335011,-84.72,45.03
1360,12711,8157711,-84.484,42.718
1361,12721,8493211,-79.83,36.33
1362,12741,8009611,-79.721,36.486
1363,12753,5689511,-83.038,42.451
1364,12755,919611,-80.747,26.577
1365,12795,13414411,-110.333,34.5
1366,12801,5749211,-85.854,42.731
1367,12815,2457411,-75.537,39.732
1368,12817,2425411,-75.627,39.731
1369,12829,2425311,-75.633,39.596
1370,12839,715611,-72.654,41.749
1371,12843,588711,-72.917,41.649
1372,12845,2673411,-72.635,41.75
1373,12859,589711,-72.627,41.925
1374,12877,8215811,-88.458,33.361
1375,12923,4151711,-85.493,42.962
1376,12925,4151611,-85.694,42.949
1377,12929,8148711,-94.647,35.193
1378,12931,9543911,-85.202,44.689
1379,12935,5857411,-76.63,39.27
1380,12941,5679711,-96.956,28.673
1381,12955,843011,-82.673,27.873
1382,12959,2744411,-82.662,28.003
1383,13011,8522911,-83.09,42.305
1384,13013,8171811,-83.052,42.369
1385,13021,8146111,-83.734,42.281
1386,13097,8491311,-78.996,34.59
1387,13101,7826311,-78.961,36.435
1388,13103,4994411,-88.456,46.756
1389,13107,1032911,-110.931,31.364
1390,13115,17307411,-104.721,41.123
1391,13123,4184811,-84.294,45.363
1392,13125,920711,-72.1,41.428
1393,13129,16708211,-72.064,41.525
1394,13131,8501611,-72.042,41.584
1395,13149,5216811,-83.893,45.068
1396,13153,8226611,-85.22,44.204
1397,13167,7731511,-81.037,35.432
1398,13173,7824811,-85.426,43.84
1399,13175,7870111,-89.567,46.765
1400,13189,7396111,-87.065,45.772
1401,13197,4856911,-86.29,44.217
1402,13231,2766111,-71.822,41.711
1403,13233,16734111,-71.926,41.661
1404,13243,10642211,-90.028,35.861
1405,13255,7593811,-93.208,39.121
1406,13259,6210511,-118.11,48.62
1407,13265,640811,-82.421,27.949
1408,13273,6620111,-83.62,43.153
1409,13396,8026411,-70.541,44.552
1410,13480,2599311,-88.35,39.798
1411,13543,5546111,-90.159,38.335
1412,13653,4702711,-90.514,40.549
1413,13673,4907511,-88.932,40.419
1414,13683,8139911,-88.891,39.87
1415,13782,8191211,-90.128,38.697
1416,13822,3955311,-89.685,38.742
1417,13849,5573711,-88.366,38.381
1418,13859,5974111,-67.547,44.675
1419,13875,946411,-87.823,41.777
1420,13905,1731811,-87.655,41.851
1421,13985,2701711,-87.731,42.115
1422,13995,10786111,-87.702,41.65
1423,14040,1944711,-88.463,38.666
1424,14058,1944811,-88.489,38.672
1425,14158,4707611,-90.0,38.216
1426,14198,4909511,-89.915,38.426
1427,14357,9731711,-88.271,41.891
1428,14563,5222111,-70.261,44.068
1429,14595,5223011,-70.163,44.432
1430,14603,5660411,-68.003,46.848
1431,14611,5662311,-68.435,46.636
1432,14635,5661711,-67.85,46.772
1433,14651,8177511,-115.011,36.041
1434,14665,7758511,-114.879,36.225
1435,14672,7756911,-114.92,36.343
1436,14707,8211211,-115.05,36.089
1437,14825,5823611,-70.334,43.656
1438,14834,5824011,-70.254,43.643
1439,14842,7946611,-70.353,43.686
1440,14947,5676911,-70.425,45.141
1441,14971,7718411,-68.628,45.254
1442,14987,5760811,-68.826,44.737
1443,15035,1946811,-89.524,38.607
1444,15075,2612711,-89.358,38.611
1445,15135,5431911,-89.124,41.324
1446,15177,3351111,-88.541,38.095
1447,15187,7807411,-90.614,39.449
1448,15219,4574611,-90.533,41.51
1449,15346,4639611,-90.567,39.823
1450,15412,4657211,-88.613,39.597
1451,15576,5039111,-89.071,41.92
1452,15665,2363611,-89.465,41.376
1453,15685,1845411,-87.686,39.392
1454,15705,1929611,-87.993,39.311
1455,16071,6703311,-102.471,41.092
1456,16085,920211,-82.341,27.955
1457,16275,6831311,-99.637,40.25
1458,16295,552811,-81.889,28.74
1459,16325,7321711,-116.967,46.426
1460,16364,6031211,-89.968,36.555
1461,16370,6031511,-90.051,36.234
1462,16396,922411,-81.761,26.632
1463,16456,6714511,-99.136,41.78
1464,16533,6727011,-97.018,42.228
1465,16539,7515011,-98.519,40.098
1466,16563,7515111,-98.451,40.328
1467,16670,5052711,-92.047,39.694
1468,16727,3532711,-80.475,25.476
1469,16757,3544911,-80.357,25.837
1470,16821,717311,-82.56,28.369
1471,16877,17750411,-103.731,35.184
1472,16883,7460011,-96.713,41.845
1473,16905,7460111,-96.916,41.988
1474,16911,7460411,-99.64,41.404
1475,16936,7460611,-99.386,41.289
1476,16942,7460711,-99.37,41.641
1477,16977,752411,-83.525,30.068
1478,17023,2798211,-80.931,29.016
1479,17028,2797211,-81.276,28.869
1480,17098,5105811,-95.846,40.388
1481,17146,5106711,-95.848,40.68
1482,17187,5106811,-96.179,40.676
1483,17198,1889311,-82.015,28.029
1484,17261,2312311,-81.848,28.028
1485,17295,5280711,-103.666,41.239
1486,17341,8216311,-89.045,31.244
1487,17380,2492511,-87.135,30.592
1488,17474,5783911,-118.241,33.764
1489,17478,6323111,-91.948,38.868
1490,17497,751411,-87.25,30.599
1491,17576,6321511,-90.391,36.759
1492,17591,7574511,-97.12,41.255
1493,17609,8294411,-84.292,38.991
1494,17670,5979211,-72.511,42.198
1495,17726,8389611,-72.591,42.091
1496,17732,6027911,-72.537,42.162
1497,17773,7767711,-100.65,40.221
1498,17779,7629411,-95.608,40.057
1499,17817,7630111,-96.96,40.627
1500,17848,6898611,-97.577,40.188
1501,17854,6911211,-96.706,42.116
1502,18029,2744511,-82.635,27.758
1503,18127,5204311,-94.381,37.857
1504,18134,7528911,-93.608,40.094
1505,18184,4879611,-88.029,43.045
1506,18214,537811,-82.548,27.483
1507,18229,1858311,-81.092,24.71
1508,18360,14992311,-88.267,44.276
1509,18363,6717811,-99.144,42.599
1510,18387,2754011,-81.554,28.69
1511,18395,7577211,-94.393,39.058
1512,18407,7577311,-94.38,39.106
1513,18429,7577411,-94.411,39.094
1514,18489,6718211,-97.184,40.135
1515,18569,6996211,-92.584,40.224
1516,18576,5099011,-98.42,40.584
1517,18582,5098411,-98.389,40.599
1518,18593,5175811,-73.206,42.443
1519,18594,7220511,-73.221,42.456
1520,18609,5175711,-73.235,42.336
1521,18705,6345611,-92.261,39.018
1522,18726,5851311,-71.448,42.14
1523,18921,7574011,-96.478,41.938
1524,18927,5339111,-94.3,37.177
1525,18946,6592611,-121.141,37.386
1526,19053,533611,-80.142,26.772
1527,19413,7636911,-94.307,39.232
1528,19509,769911,-80.938,26.735
1529,19588,13577611,-92.19,38.573
1530,19612,6703911,-96.729,42.276
1531,19617,6703511,-96.862,42.269
1532,19635,16592211,-82.431,28.582
1533,19686,6830411,-100.515,40.631
1534,19704,7631011,-95.968,41.171
1535,19729,7644211,-96.612,41.212
1536,19763,4288311,-81.497,27.579
1537,19790,6712511,-101.538,40.044
1538,19796,6713411,-98.955,40.095
1539,19807,7627611,-97.791,42.35
1540,19813,14493311,-97.291,41.423
1541,19855,591611,-80.126,26.086
1542,20206,7869811,-71.767,42.221
1543,20213,6637711,-71.853,42.543
1544,20227,7575311,-97.091,42.431
1545,20234,7326011,-93.502,39.351
1546,20338,8127611,-70.788,41.802
1547,20395,12691411,-89.021,42.706
1548,20403,7660311,-89.113,42.833
1549,20408,7297211,-93.564,39.783
1550,20433,6698811,-92.468,39.738
1551,20437,7887011,-71.108,42.337
1552,20529,4032711,-71.03,42.34
1553,20618,17129011,-103.322,32.971
1554,20679,9018111,-89.424,43.075
1555,20687,2560011,-85.521,30.266
1556,20769,8167211,-70.98,42.448
1557,20776,5090111,-70.927,42.542
1558,20791,6521911,-70.87,42.698
1559,20812,8142011,-71.124,42.765
1560,20816,7947211,-71.122,42.726
1561,20997,6983111,-111.619,40.176
1562,21119,12626311,-122.434,48.448
1563,21208,6056111,-84.617,41.907
1564,21363,6164811,-117.915,48.548
1565,21489,1673711,-122.278,40.431
1566,21768,7490811,-88.801,30.884
1567,22077,1609911,-119.183,34.145
1568,22100,5705911,-119.138,34.207
1569,22355,1978311,-121.739,38.692
1570,22553,16015611,-118.618,34.435
1571,22565,5786011,-118.016,34.028
1572,22717,754611,-72.067,41.475
1573,22794,16708111,-72.042,41.553
1574,22892,353611,-122.218,38.056
1575,22899,15748811,-121.941,38.007
1576,22911,203111,-122.068,38.022
1577,22923,5812811,-122.237,38.018
1578,22952,4197011,-118.961,35.441
1579,22967,4196911,-119.075,35.547
1580,23026,4197111,-119.006,35.577
1581,23032,3945411,-118.985,35.452
1582,23092,5813711,-119.04,35.516
1583,23126,13847911,-119.568,35.195
1584,23142,14108911,-119.03,35.509
1585,23176,5815411,-119.052,35.747
1586,23190,13890611,-119.667,35.313
1587,23207,410111,-119.046,35.501
1588,23241,412511,-119.03,35.484
1589,23258,424911,-119.011,35.417
1590,23275,5813511,-117.7,35.035
1591,23288,456011,-119.009,35.496
1592,23305,458111,-118.927,35.419
1593,23322,492111,-119.395,35.098
1594,23385,4198711,-120.267,40.371
1595,23392,53211,-121.018,40.297
1596,23422,6416311,-84.956,42.263
1597,23566,7131711,-94.344,38.264
1598,23614,6356811,-85.426,41.799
1599,24314,1600811,-119.9,34.431
1600,24530,14174111,-121.968,37.4
1601,24536,14114311,-121.942,37.368
1602,24563,1626311,-122.176,37.429
1603,24575,5821211,-83.976,42.068
1604,24637,1224911,-121.116,37.731
1605,24654,1310511,-121.301,38.147
1606,24670,5737411,-83.42,44.681
1607,25282,16708411,-73.121,41.776
1608,25290,16712111,-73.116,41.799
1609,25346,8317511,-105.388,44.287
1610,25377,124511,-121.605,39.516
1611,25646,4171511,-83.896,43.583
1612,25746,4140111,-83.9,43.595
1613,25836,348711,-120.099,36.617
1614,25842,10437111,-120.58,36.655
1615,25866,10436611,-120.584,36.656
1616,25900,14025511,-119.579,36.547
1617,25917,5815911,-120.357,36.746
1618,25929,3945911,-120.928,37.636
1619,25963,5704811,-120.905,37.497
1620,26122,6647111,-117.505,47.626
1621,26357,15776111,-116.088,33.586
1622,26405,765911,-122.211,40.151
1623,26453,12618611,-122.368,47.082
1624,26479,4880911,-122.427,47.266
1625,26611,3270311,-121.236,40.312
1626,26646,5984511,-83.017,43.794
1627,27873,7087311,-86.237,43.058
1628,28339,6348411,-86.008,42.815
1629,28430,593911,-117.099,33.119
1630,28445,592411,-117.135,32.834
1631,28490,13562011,-117.12,33.128
1632,29044,16708311,-72.794,41.293
1633,29084,10707511,-122.259,37.87
1634,29133,2722511,-73.598,41.029
1635,29157,754411,-73.208,41.162
1636,29255,7569011,-112.124,40.699
1637,29269,7559011,-111.894,40.665
1638,29304,6983311,-111.73,40.061
1639,29339,5382011,-92.675,43.053
1640,29382,4391611,-104.817,38.881
1641,29400,3551311,-104.774,40.1
1642,29415,933911,-96.136,35.324
1643,29478,5067311,-111.885,40.885
1644,29485,1342411,-105.269,40.007
1645,29538,1685411,-105.017,39.737
1646,29684,3163711,-93.62,41.59
1647,29827,2136511,-105.895,37.46
1648,30187,16810211,-75.446,38.589
1649,30434,1013311,-114.654,32.729
1650,30440,4229911,-102.615,38.09
1651,30447,4368111,-104.615,38.267
1652,30453,9067811,-111.425,40.503
1653,30502,3925111,-91.564,41.672
1654,30530,6987011,-113.568,37.098
1655,30616,3834311,-105.226,39.858
1656,30668,15474111,-93.562,41.36
1657,30712,5066411,-110.383,39.548
1658,30726,16812111,-75.728,39.041
1659,30924,4758811,-79.559,34.152
1660,31443,6584511,-96.343,30.618
1661,31763,8135811,-75.535,35.267
1662,32057,6169011,-93.537,47.234
1663,32081,8124311,-77.753,36.038
1664,32206,6454411,-95.052,45.121
1665,32587,4942411,-95.399,29.703
1666,32667,5862111,-97.596,27.811
1667,32670,4929511,-97.821,27.57
1668,32676,5746611,-97.245,27.883
1669,32705,7626711,-94.35,44.889
1670,32816,7623111,-94.008,44.197
1671,32941,7744711,-86.36,40.759
1672,33104,8220011,-74.767,40.163
1673,33277,7224911,-86.914,38.4
1674,33387,4897811,-95.342,28.98
1675,33603,7147311,-93.097,44.943
1676,33633,7175611,-95.113,44.533
1677,33904,4966111,-76.866,39.87
1678,34156,8224711,-86.906,40.049
1679,34176,7149811,-92.461,44.028
1680,34178,8483411,-92.433,44.026
1681,34513,6606011,-85.702,38.28
1682,34746,5270711,-108.427,45.808
1683,34774,7074811,-92.972,45.805
1684,34853,3040211,-71.67,42.01
1685,34856,5486911,-71.404,41.817
1686,34859,3073211,-71.519,41.802
1687,34870,6190211,-94.144,45.573
1688,34914,15625011,-101.844,33.866
1689,34974,7737111,-92.078,33.62
1690,35102,7719011,-77.456,39.201
1691,35505,7151411,-95.603,45.314
1692,35756,10631811,-79.742,34.84
1693,36360,8506911,-80.377,35.714
1694,36506,3930211,-99.092,28.93
1695,36587,6136011,-94.624,43.986
1696,37090,14662211,-80.196,35.365
1697,37111,13441911,-80.152,35.407
1698,37143,8181711,-85.82,40.79
1699,37170,7019511,-94.01,45.229
1700,37397,4846511,-94.375,32.578
1701,37417,5655811,-101.433,35.667
1702,37432,4945211,-93.929,29.964
1703,37441,6445411,-93.884,29.954
1704,37444,5611511,-93.972,29.865
1705,37453,6158311,-93.952,29.979
1706,37480,6382211,-101.886,33.585
1707,37483,16870811,-94.436,30.749
1708,37501,5127311,-98.589,33.863
1709,37510,6435511,-76.564,39.298
1710,38562,7854911,-106.655,45.975
1711,38610,3748611,-75.059,41.061
1712,38641,3692211,-75.619,40.235
1713,38768,8312611,-75.98,35.109
1714,39442,5154811,-76.509,39.422
1715,39645,7011011,-94.457,44.316
1716,39850,7398611,-105.795,46.411
1717,40065,7003611,-93.821,44.905
1718,40129,8219211,-123.414,43.09
1719,40293,7744611,-86.19,39.734
1720,40453,10613311,-97.096,47.404
1721,40517,7002411,-92.962,43.702
1722,40624,6274511,-92.516,44.569
1723,41118,4878711,-80.854,39.747
1724,41176,8482211,-93.279,44.984
1725,41362,4912511,-86.912,40.417
1726,41675,7148211,-95.611,43.633
1727,42022,5846511,-96.769,28.51
1728,42031,5633411,-96.54,28.649
1729,42041,10504211,-92.832,34.429
1730,42351,8438211,-79.062,35.907
1731,42432,6236811,-92.541,47.522
1732,42434,6236711,-92.935,47.429
1733,42568,16000011,-93.539,44.795
1734,42713,16600711,-80.506,34.986
1735,42762,6581211,-76.645,40.072
1736,42899,3857011,-75.908,40.306
1737,42917,12791811,-75.814,40.274
1738,43030,14496011,-112.876,46.106
1739,43426,4691211,-87.173,41.632
1740,43541,14749111,-94.74,31.369
1741,43574,10616211,-79.922,34.968
1742,44216,1091311,-91.535,34.513
1743,48761,9048311,-123.774,46.97
1744,50150,4148011,-87.512,39.393
1745,50694,6429211,-97.868,26.271
